{"Accuracy/train": 0.220703125, "Loss/train": 1.611633062362671, "_timestamp": 1597383536.036889, "graph_0": {"_type": "graph-file", "size": 833, "sha256": "931510a3859c53ec937d6ee403d2c937f67023ff1199e788d97be8a592a6a3b1", "path": "media/graph/graph_0_summary_931510a3.graph.json"}, "_step": 1, "Recall/train": 0.220703125, "Precision/train": 0.220703125, "_runtime": 26.4915771484375}
