{"_timestamp": 1597383070.8065197, "Loss/train": 1.6091201305389404, "Recall/val": 0.20703125, "graph_0": {"size": 833, "sha256": "6353368819b1e162e594cc7e41254b07ac7618be61e991291f44c4e39be92fd2", "_type": "graph-file", "path": "media/graph/graph_0_summary_63533688.graph.json"}, "Accuracy/train": 0.201171875, "_step": 20, "Recall/train": 0.201171875, "Precision/train": 0.201171875, "Accuracy/val": 0.20703125, "_runtime": 63.53067421913147, "Loss/val": 1.610630989074707, "Precision/val": 0.04522325901803607}
