{"Precision/train": 0.19140625, "Recall/val": 0.201171875, "Precision/val": 0.14706892730496451, "Accuracy/train": 0.19140625, "Loss/train": 1.610108494758606, "Loss/val": 1.6089003086090088, "graph_0": {"sha256": "20f81d7e43db4759d9d3c648763d0ec1870fb493e5497c4e9ce9c715793b56c1", "path": "media/graph/graph_0_summary_20f81d7e.graph.json", "size": 833, "_type": "graph-file"}, "Recall/train": 0.19140625, "Accuracy/val": 0.201171875, "_step": 11, "_timestamp": 1597384559.9218245, "_runtime": 312.07789635658264}
