{"Loss/val": -0.4945792853832245, "graph_0": {"sha256": "714a958cd54df054ada3149db62575ca2e0938202932eb4a7c87df874502f402", "_type": "graph-file", "size": 17837, "path": "media/graph/graph_0_summary_714a958c.graph.json"}, "_timestamp": 1597390369.4703891, "_step": 157, "Precision/val": 0.029541015625, "Precision/train": 0.15625, "Accuracy/train": 0.15625, "Loss/train": -0.4940815269947052, "Recall/train": 0.15625, "_runtime": 781.4459102153778, "Accuracy/val": 0.171875, "Recall/val": 0.171875}
