{"confusion_matrix": {"_type": "table-file", "size": 686, "nrows": 25, "path": "media/table/confusion_matrix_130_a32704c8.table.json", "sha256": "a32704c82ff403cfe1b4cd9e6588a28c1546ef85b16bef2bf24f45720fd5df6b", "ncols": 3}, "graph_0": {"_type": "graph-file", "size": 833, "path": "media/graph/graph_0_summary_26fe3ff6.graph.json", "sha256": "26fe3ff697acb2423b17b0cbead9a0b1a003c0a13bde7787a4907eab0158969b"}, "_runtime": 174.38636565208435, "Precision/val": 0.3042295402837259, "Accuracy/val": 0.2265625, "_step": 130, "Loss/val": 1.6053454875946045, "Accuracy/train": 0.20703125, "_timestamp": 1597383887.6783803, "Loss/train": 1.6108633279800415, "Recall/train": 0.20703125, "Recall/val": 0.2265625, "Precision/train": 0.20703125}
