{"Accuracy/train": 0.185546875, "Precision/train": 0.185546875, "_step": 259, "graph_0": {"sha256": "a6b7cac4da90a4c1a49d33fd9e225f1f8a3574f3c4dd36665450221c6b64fb6d", "size": 8244, "path": "media/graph/graph_0_summary_a6b7cac4.graph.json", "_type": "graph-file"}, "Loss/val": 1.608536720275879, "Recall/train": 0.185546875, "Recall/val": 0.232421875, "Accuracy/val": 0.232421875, "_timestamp": 1597386853.7008195, "_runtime": 1138.6381332874298, "Loss/train": 1.610080361366272, "Precision/val": 0.054019927978515625}
