{"graph_0": {"_type": "graph-file", "path": "media/graph/graph_0_summary_cb389c36.graph.json", "size": 8244, "sha256": "cb389c36d221cf969ed58614eed53dd803ca68e99c9dfa99db7cc5b801c4bfff"}, "Precision/val": 0.042057037353515625, "_step": 316, "_timestamp": 1597385710.1140685, "Accuracy/val": 0.205078125, "_runtime": 425.0553069114685, "Loss/train": 1.6109631061553955, "Loss/val": 1.6107041835784912, "Recall/val": 0.205078125, "Accuracy/train": 0.19921875, "Recall/train": 0.19921875, "Precision/train": 0.19921875}
