{"Recall/train": 0.21484375, "Loss/val": 1.6107152700424194, "Precision/train": 0.21484375, "Precision/val": 0.06411917191075515, "graph_0": {"size": 833, "_type": "graph-file", "path": "media/graph/graph_0_summary_d2b701fc.graph.json", "sha256": "d2b701fc47fec9bd02730da77ed24deaf02ecb98faa52ef85c2d0677bd057a6f"}, "Accuracy/val": 0.201171875, "_runtime": 125.35412216186523, "Recall/val": 0.201171875, "_timestamp": 1597384777.2027118, "Loss/train": 1.6096030473709106, "Accuracy/train": 0.21484375, "_step": 108}
