{"Accuracy/val": 0.234375, "Accuracy/train": 0.19921875, "Precision/val": 0.11778846153846154, "Loss/train": 1.6118149757385254, "confusion_matrix": {"ncols": 3, "sha256": "6a32313249b4c5e030156a409fb5c54f921369ef326c8613557fae3d148cfec2", "nrows": 25, "size": 687, "_type": "table-file", "path": "media/table/confusion_matrix_130_6a323132.table.json"}, "Loss/val": 1.6053011417388916, "_step": 130, "_runtime": 170.98345160484314, "Recall/val": 0.234375, "Precision/train": 0.19921875, "Recall/train": 0.19921875, "_timestamp": 1597384953.4269774, "graph_0": {"size": 833, "_type": "graph-file", "sha256": "ee6f20b82d19eaa7e433cd0287b2a87795182c860ea73a20b67f61273099e23d", "path": "media/graph/graph_0_summary_ee6f20b8.graph.json"}}
