{"graph_0": {"sha256": "1d22cf93bdf1be67f81d2070cf7e84f566466661949760057eead9c24ddb4080", "_type": "graph-file", "path": "media/graph/graph_0_summary_1d22cf93.graph.json", "size": 17838}, "Loss/train": 1.612128496170044, "Accuracy/val": 0.109375, "Accuracy/train": 0.171875, "Recall/train": 0.171875, "Precision/val": 0.011962890625, "Precision/train": 0.171875, "Recall/val": 0.109375, "_timestamp": 1597400132.6828222, "_runtime": 6562.284360408783, "_step": 50, "Loss/val": 1.6138198375701904}
