{"graph_0": {"size": 17837, "_type": "graph-file", "path": "media/graph/graph_0_summary_a7c53337.graph.json", "sha256": "a7c533374064bc85a7bb69db14cb4f44bb770f132f6d3e96b3f07e81f9b8dbc3"}, "Loss/val": 1.609512209892273, "Loss/train": 1.6089404821395874, "_step": 149, "Accuracy/train": 0.1875, "Precision/train": 0.1875, "_timestamp": 1597387828.3607974, "Recall/train": 0.1875, "Precision/val": 0.0478515625, "Recall/val": 0.21875, "Accuracy/val": 0.21875, "_runtime": 678.0145072937012}
